"author_id","indexed_name","surname","given_name","gender","affiliation_current","citation_count","cited_by_count","coauthor_count","document_count","authorEC_doc_CS_2018","author_doc_CS_all_2018","author_doc_CS_all","publication_range","hindex","address","affiliation_name","department_id","department_name","author_count","city","country","date_created","affil_document_count","org_URL","org_domain","org_type","postal_code","search_link","sort_name","state","category"
10641056400,"Maldonado J.","Maldonado","José Gutiérrez","M",60001576,18,18,5,3,1,NULL,NULL,"2005-2009",3,"Gran Via de les Corts Catalanes 585","Universitat de Barcelona",103131688,"Facultad de Psicología",0,"Barcelona","Spain","2/2/2008",0,"http://www.ub.es/homeub/en/","ub.es",NULL,8007,"https://api.elsevier.com/content/search/scopus?query=af-id%28103131688%29",NULL,"Barcelona","nationalP"
15051769300,"García M.","García","Marta Ferrer","F",60001576,12,12,4,2,1,NULL,NULL,"2006-2009",2,"Gran Via de les Corts Catalanes 585","Universitat de Barcelona",103131688,"Facultad de Psicología",0,"Barcelona","Spain","2/2/2008",0,"http://www.ub.es/homeub/en/","ub.es",NULL,8007,"https://api.elsevier.com/content/search/scopus?query=af-id%28103131688%29",NULL,"Barcelona","nationalP"
16031542100,"Raymond L.","Raymond","L.",NULL,60068543,1,1,4,1,2,NULL,NULL,"1992-2019",1,"Avenue Escadrille Normandie Niemen - Case 142","Institut Matériaux Microélectronique Nanosciences de Provence",NULL,NULL,476,"Marseille","France","2/2/2008",1703,"http://www.im2np.fr/",NULL,"resi",13397,"https://api.elsevier.com/content/search/scopus?query=af-id%2860068543%29","Institut Matériaux Microélectronique Nanosciences de Provence",NULL,"nationalP"
19639636400,"Orellana C.","Orellana","Carlos","M",60000762,99,86,34,14,1,NULL,NULL,"2007-2019",6,"Unter den Linden 6","Humboldt-Universität zu Berlin",116537113,"Insitut für Physik",0,"Berlin","Germany","26/4/2016",0,"https://www.hu-berlin.de/en?set_language=en","hu-berlin.de",NULL,10099,"https://api.elsevier.com/content/search/scopus?query=af-id%28116537113%29","Insitut für Physik",NULL,"nationalP"
24476744700,"Palacios Navarro G.","Palacios Navarro","Guillermo","M",60016809,719,685,122,47,6,NULL,NULL,"2007-2020",9,"Pedro Cerbuna 12","Universidad de Zaragoza",113817803,"Department of Electronics and Communication Engineering",0,"Zaragoza","Spain","30/8/2013",0,"http://www.unizar.es/","unizar.es",NULL,50009,"https://api.elsevier.com/content/search/scopus?query=af-id%28113817803%29","Department of Electronics and Communication Engineering","Zaragoza","nationalP"
35761239200,"Li C.","Li","Chuan","M",60017236,2449,1732,139,116,13,NULL,NULL,"2009-2019",27,"26 Eshibao Shan, Dongjiaxi","Chongqing Technology and Business University",116063992,"National Research Base of Intelligent Manufacturing Service",0,"Chongqing","China","12/12/2015",0,"http://www.ccqtv.com/","ccqtv.com",NULL,630020,"https://api.elsevier.com/content/search/scopus?query=af-id%28116063992%29","National Research Base of Intelligent Manufacturing Service","Chongqing","nationalP"
55619312468,"López J.","López","J.",NULL,60019232,129,129,143,1,3,NULL,NULL,"2008-2008",1,"Edifici Cn, Universitat Autònoma de Barcelona (UAB)","Institut de Física d'Altes Energies, Bellaterra",NULL,NULL,266,"Cerdanyola del Valles","Spain","2/2/2008",1575,"http://www.ifae.es/eng/","ifae.es","resi","08193","https://api.elsevier.com/content/search/scopus?query=af-id%2860019232%29",NULL,"Barcelona","nationalP"
55979127300,"Samaniego P.","Samaniego","Pablo","M",60004135,822,470,99,41,1,NULL,NULL,"1997-2020",18,NULL,"Universite d' Auvergne Clermont-FD 1",NULL,NULL,2860,"Clermont-Ferrand","France","2/2/2008",9980,"http://www.u-clermont1.fr","u-clermont1.fr","univ",NULL,"https://api.elsevier.com/content/search/scopus?query=af-id%2860004135%29","Auvergne Clermont-FD 1, Universite d'",NULL,"nationalP"
57047720600,"Bustamante A.","Bustamante","Andrés S.","M",60007278,32,28,18,13,1,NULL,NULL,"2014-2019",4,NULL,"University of California, Irvine",NULL,NULL,22289,"Irvine","United States","3/2/2008",130136,"http://www.uci.edu/","uci.edu","univ","92697-0001","https://api.elsevier.com/content/search/scopus?query=af-id%2860007278%29","California, Irvine, University of","CA","nationalP"
57191890964,"Guevara J.","Guevara","Javier","M",60007087,12,11,18,5,1,NULL,NULL,"2016-2020",2,"Avenida España 1680","Universidad Técnica Federico Santa María",112389396,"Department of Electronics Engineering",0,"Valparaíso","Chile","12/11/2011",0,"http://www.utfsm.cl/","utfsm.cl",NULL,"110-V","https://api.elsevier.com/content/search/scopus?query=af-id%28112389396%29","Department of Electronics Engineering",NULL,"nationalP"
57195290247,"MacAs M.","MacAs","Mayra","F",60003970,5,5,5,2,1,NULL,1,"2017-2019",1,"866 Yuhangtang Road","Zhejiang University",103248886,"Department of Computer Science",0,"Hangzhou","China","2/2/2008",0,"http://www.zju.edu.cn/english","zju.edu.cn",NULL,310058,"https://api.elsevier.com/content/search/scopus?query=af-id%28103248886%29","Department of Computer Science","Zhejiang","nationalP"
57195673501,"Griewank A.","Griewank","Andreas","M",60000762,2738,2163,114,106,1,NULL,NULL,"1979-2019",26,"Unter den Linden 6","Humboldt-Universität zu Berlin",NULL,NULL,18264,"Berlin","Germany","3/2/2008",63392,"https://www.hu-berlin.de/en?set_language=en","hu-berlin.de","univ",10099,"https://api.elsevier.com/content/search/scopus?query=af-id%2860000762%29","Humboldt University of Berlin",NULL,"nationalP"
57199066683,"Gomez J.","Gomez","Jorge","M",60011666,1,1,7,2,1,NULL,1,"2019-2019",1,"1400 Washington Avenue","University at Albany",113967735,"Department of Electrical & Computer Engineering",0,"Albany","United States","13/11/2013",0,"https://www.albany.edu/","albany.edu",NULL,"12222-0100","https://api.elsevier.com/content/search/scopus?query=af-id%28113967735%29","Department of Electrical & Computer Engineering","NY","nationalP"
57201589038,"Díaz-Nafría J.","Díaz-Nafría","José María","M",60018401,56,45,22,19,5,NULL,NULL,"2000-2019",4,"Lothstr. 34","Hochschule München",NULL,NULL,564,"Munich","Germany","2/2/2008",1314,"http://www.fh-muenchen.de","fh-muenchen.de","univ",80335,"https://api.elsevier.com/content/search/scopus?query=af-id%2860018401%29","Munich University of Applied Sciences","Bayern","nationalP"
57202054717,"González F.","González","Fernando","M",60024696,3,3,12,4,1,NULL,NULL,"2016-2018",1,NULL,"Universidad de Carabobo",104246119,"Facultad de Ciencias de la Salud",0,"Valencia","Venezuela","2/2/2008",0,"http://www.uc.edu.ve/","uc.edu.ve",NULL,NULL,"https://api.elsevier.com/content/search/scopus?query=af-id%28104246119%29","Facultad de Ciencias de la Salud","Carabobo","nationalP"
57204455731,"Coronel B.","Coronel","Bryan D.","M",60013959,1,1,7,3,1,NULL,NULL,"2018-2019",1,"222 Criser Hall, P.O. Box 114000","University of Florida",103722906,"Department of Health Services Research",0,"Gainesville","United States","2/2/2008",0,"https://www.ufl.edu/","ufl.edu",NULL,"32611-4000","https://api.elsevier.com/content/search/scopus?query=af-id%28103722906%29",NULL,"FL","nationalP"
57204979699,"Zabala L.","Zabala","Luis","M",60027856,22,21,29,10,1,NULL,NULL,"2011-2019",2,"Barrio Sarriena s/n","Universidad del Pais Vasco",NULL,NULL,6765,"Leioa","Spain","2/2/2008",22044,"http://www.ehu.es/","ehu.es","univ",48940,"https://api.elsevier.com/content/search/scopus?query=af-id%2860027856%29","Basque Country, University of the","Biscay","nationalP"
57207409692,"Wong S.","Wong","Sara","F",60026438,253,195,99,73,1,NULL,NULL,"1995-2020",9,"Sartenejas , Baruta","Universidad Simón Bolívar",104340142,"Departamento de Electrónica y Circuitos",0,"Caracas","Venezuela","2/2/2008",0,"http://www.usb.ve/","usb.ve",NULL,"89 000","https://api.elsevier.com/content/search/scopus?query=af-id%28104340142%29","Departamento de Electrónica y Circuitos","Edo. Miranda","nationalP"
57209867860,"Fernández L.","Fernández","Lenin","M",119193372,4,4,9,2,1,NULL,NULL,"2017-2017",1,"Panamericana Norte Km 558, Trujillo - La Libertad, Peru, Codigo Postal","Instituto Regional de Enfermedades Neoplásicas",119194464,"Servicio de Urología Oncológica",0,NULL,"Spain","13/9/2017",0,NULL,NULL,NULL,13601,"https://api.elsevier.com/content/search/scopus?query=af-id%28119194464%29","Servicio de Urología Oncológica",NULL,"nationalP"
57210653261,"Mantilla J.","Mantilla","Juan Carlos","M",60046690,0,0,13,4,1,NULL,NULL,"2018-2019",0,"Circular 1. No. 70-01","Universidad Pontificia Bolivariana",NULL,NULL,1951,"Medellin","Colombia","2/2/2008",2882,"http://www.upb.edu.co/portal/page?_pageid=55,1&_dad=portal&_schema=PORTAL","upb.edu.co","univ",56006,"https://api.elsevier.com/content/search/scopus?query=af-id%2860046690%29","Pontificia Bolivariana, Universidad","Antioquia","nationalP"
57210771603,"Cárdenas D.","Cárdenas","Daniel","M",60022148,202,181,37,22,1,NULL,NULL,"2006-2014",9,"Gower Street","UCL",113773257,"Department of Electrical and Electronic Engineering",0,"London","United Kingdom","11/8/2013",0,"http://www.ucl.ac.uk/","ucl.ac.uk",NULL,"WC1E 6BT","https://api.elsevier.com/content/search/scopus?query=af-id%28113773257%29",NULL,NULL,"nationalP"
57211249720,"Santoro V.","Santoro","Valeria","F",60105961,0,0,4,1,1,NULL,1,"2019-2019",0,"Rosselló, 132, 7º","Instituto de Salud Global de Barcelona",NULL,NULL,584,"Barcelona","Spain","5/2/2016",2870,"https://www.isglobal.org/en/","isglobal.org","resi","08036","https://api.elsevier.com/content/search/scopus?query=af-id%2860105961%29","Barcelona Institute for Global Health","Barcelona","nationalP"
57211362241,"Chávez T.","Chavez","Tina","F",60021199,4,4,13,2,1,NULL,NULL,"2015-2016",1,"Piazzale Aldo Moro,7","Consiglio Nazionale delle Ricerche",107105338,"IEIIT",0,"Rome","Italy","26/6/2009",0,"http://www.cnr.it/sitocnr/Englishversion/Englishversion.html","cnr.it",NULL,185,"https://api.elsevier.com/content/search/scopus?query=af-id%28107105338%29","IEIIT","RM","nationalP"
7402668870,"Ruíz M.","Ruíz","Mery A.","F",60120576,23,23,58,4,1,NULL,NULL,"1998-2019",3,"Centro de Investigación Biomédica de Aragón (CIBA), Avda. San Juan Bosco, 13","Instituto de Investigación Sanitaria Aragón (IISA)",NULL,NULL,305,"Zaragoza","Spain","19/9/2019",400,"http://www.iisaragon.es/","iisaragon.es","resi",50009,"https://api.elsevier.com/content/search/scopus?query=af-id%2860120576%29","Instituto de Investigación Sanitaria Aragón","Zaragoza","nationalP"
15020268600,"Dominguez-Castro F.","Dominguez-Castro","Fernando","M",60016809,556,382,215,63,1,1,1,"2006-2020",14,"Pedro Cerbuna 12","Universidad de Zaragoza",108689062,"Department of Geography",0,"Zaragoza","Spain","30/5/2010",0,"http://www.unizar.es/","unizar.es",NULL,50009,"https://api.elsevier.com/content/search/scopus?query=af-id%28108689062%29","Department of Geography","Zaragoza","nationalP"
36180307700,"Salamea J.","Salamea","Juan Carlos","M",60002476,40,40,49,8,1,1,2,"2010-2019",4,"1015 Floyd Avenue","Virginia Commonwealth University",NULL,NULL,11056,"Richmond","United States","3/2/2008",48489,"http://www.vcu.edu/","vcu.edu","univ","23284-4000","https://api.elsevier.com/content/search/scopus?query=af-id%2860002476%29","Virginia Commonwealth University","VA","nationalP"
36464222400,"Peñaherrera C.","Peñaherrera","César","M",60015356,139,103,18,6,1,1,1,"2010-2014",5,"Churchill Avenue, Sandy Bay","University of Tasmania",108193613,"Institute for Marine and Antarctic Studies",0,"Hobart","Australia","30/1/2010",0,"utas.edu.au","utas.edu.au",NULL,7005,"https://api.elsevier.com/content/search/scopus?query=af-id%28108193613%29","Institute for Marine and Antarctic Studies","TS","nationalP"
55653057700,"Minaya V.","Minaya","Verónica","F",60026810,39,38,18,5,1,1,1,"2013-2019",3,"Pleinlaan 2","Vrije Universiteit Brussel",104357036,"Department of Hydrology and Hydraulic Engineering",0,"Brussels","Belgium","2/2/2008",0,"www.vub.be","vub.ac.be",NULL,1050,"https://api.elsevier.com/content/search/scopus?query=af-id%28104357036%29","Department of Hydrology and Hydraulic Engineering","BRU","nationalP"
55856717000,"Alonso M.","Alonso","Martín Oller","M",60046703,1,1,5,4,1,1,1,"2013-2019",1,"Calle San Lázaro esq. L. Vedado / Plaza Revolución","Universidad de La Habana",NULL,NULL,2979,"Havana","Cuba","2/2/2008",7054,"http://www.uh.cu/","uh.cu","univ",10400,"https://api.elsevier.com/content/search/scopus?query=af-id%2860046703%29","Habana, Universidad de La","Ciudad de la Habana","nationalP"
55878166900,"Palacios C.","Palacios","Christian Salamea","M",60028442,4,4,4,2,1,1,2,"2013-2019",1,"Avda. Ramiro de Maeztu, 7","Universidad Politécnica de Madrid",106415065,"Speech Technology Group",0,"Madrid","Spain","21/11/2008",0,"http://www.upm.es/internacional","upm.es",NULL,28040,"https://api.elsevier.com/content/search/scopus?query=af-id%28106415065%29","Speech Technology Group","Madrid","nationalP"
56117160400,"Barragán-Escandón A.","Barragán-Escandón","Antonio","M",60014586,33,27,11,7,1,1,1,"2014-2019",3,"Campus Las Lagunillas","Universidad de Jaen",NULL,NULL,2751,"Jaen","Spain","2/2/2008",13126,"http://www.ujaen.es/","ujaen.es","univ",23071,"https://api.elsevier.com/content/search/scopus?query=af-id%2860014586%29","Jaen, Universidad de","Jaen","nationalP"
56193779300,"Llano D.","Llano","Danilo Xavier","M",60022020,34,32,13,16,1,1,2,"2014-2019",3,NULL,"The University of Warwick",NULL,NULL,10228,"Coventry","United Kingdom","3/2/2008",69835,"https://warwick.ac.uk/","warwick.ac.uk","univ","CV4 7AL","https://api.elsevier.com/content/search/scopus?query=af-id%2860022020%29","The University of Warwick","West Midlands","nationalP"
56534286100,"Lapo B.","Lapo","Byron","M",60007592,37,31,28,10,1,1,1,"2015-2019",4,"C. Jordi Girona, 31","Universitat Politècnica de Catalunya",NULL,NULL,10382,"Barcelona","Spain","2/2/2008",49043,"https://www.upc.edu/en","upc.edu","univ","08034","https://api.elsevier.com/content/search/scopus?query=af-id%2860007592%29","Politécnica de Catalunya, Universitat","Barcelona","nationalP"
56587876500,"Urquizo J.","Urquizo","Javier","M",60006222,56,34,3,12,1,1,2,"2015-2019",5,NULL,"Newcastle University, United Kingdom",NULL,NULL,16210,"Newcastle","United Kingdom","2/2/2008",86556,"http://www.ncl.ac.uk/","ncl.ac.uk","univ","NE1 7RU","https://api.elsevier.com/content/search/scopus?query=af-id%2860006222%29","Newcastle University, United Kingdom","Tyne and Wear","nationalP"
56624516400,"Logroño W.","Logroño","Washington N.","M",60027332,180,165,33,10,1,1,1,"2015-2018",5,"Dugonics tér 13","Szegedi Tudományegyetem (SZTE)",104387788,"Department of Biotechnology",0,"Szeged","Hungary","2/2/2008",0,"http://www.u-szeged.hu","u-szeged.hu",NULL,6720,"https://api.elsevier.com/content/search/scopus?query=af-id%28104387788%29","Department of Biotechnology","Csongrad","nationalP"
56890182100,"Rodríguez A.","Rodríguez","Alba Silva","F",60028419,2,2,3,1,1,1,1,"2016-2016",1,"Colexio de San Xerome Praza do Obradoiro","Universidad de Santiago de Compostela",NULL,NULL,9776,"Santiago de Compostela","Spain","2/2/2008",43213,"http://www.usc.es/en/index.jsp","usc.es","univ",15782,"https://api.elsevier.com/content/search/scopus?query=af-id%2860028419%29","Santiago de Compostela, Universidad de","A Coruña","nationalP"
56940370300,"Lara H.","Lara","Hernán","M",60007966,3,3,2,2,1,1,1,"2015-2015",1,"Ave Eugenio Garza Sada 2501 sur","Tecnologico de Monterrey",103439907,"Centro de Innovación en Diseño y Tecnología",0,"Monterrey","Mexico","2/2/2008",0,"http://tec.mx/en","tec.mx",NULL,64849,"https://api.elsevier.com/content/search/scopus?query=af-id%28103439907%29","Centro de Innovación en Diseño y Tecnología","NLE","nationalP"
57072985700,"Barba D.","Barba","Diego","M",60001563,0,0,6,2,1,1,1,"2015-2019",0,"Street Viamonte 430","Universidad de Buenos Aires",103126861,"Grupo de Medios Porosos",0,"Buenos Aires","Argentina","2/2/2008",0,"http://www.uba.ar/internacionales/index.php?lang=en","uba.ar",NULL,1053,"https://api.elsevier.com/content/search/scopus?query=af-id%28103126861%29","Grupo de Medios Porosos",NULL,"nationalP"
57079106700,"Romero-Rodriguez L.","Romero-Rodriguez","Luis M.","M",60018940,43,39,32,24,1,1,3,"2015-2019",4,"Calle Tulipan","Universidad Rey Juan Carlos",NULL,NULL,3215,"Mostoles","Spain","3/2/2008",13815,"http://www.urjc.es/","urjc.es","univ",28933,"https://api.elsevier.com/content/search/scopus?query=af-id%2860018940%29","Rey Juan Carlos, Universidad","Madrid","nationalP"
57148482300,"Riofr?o X.","Riofrio","Xavier","M",60019702,3,3,6,2,1,1,2,"2015-2020",1,"Ring Road","University of Birmingham",NULL,NULL,25251,"Birmingham","United Kingdom","2/2/2008",146481,"https://www.birmingham.ac.uk/index.aspx","birmingham.ac.uk","univ","B15 2TT","https://api.elsevier.com/content/search/scopus?query=af-id%2860019702%29","Birmingham, University of","West Midlands","nationalP"
57188585939,"Beltrán J.","Beltrán","Jefferson R.","M",60064735,12,11,15,10,1,1,1,"2014-2019",2,"Carrera 32 No 22 – 08","Universidad del Magdalena",113333565,"Facultad de Ingeniería",0,"Santa Marta","Colombia","21/1/2013",0,"http://www.unimagdalena.edu.co/","unimagdalena.edu.co",NULL,470004,"https://api.elsevier.com/content/search/scopus?query=af-id%28113333565%29","Facultad de Ingeniería","Magdalena","nationalP"
57188953799,"Recalde-Coronel G.","Recalde-Coronel","G. Cristina","F",60005248,47,47,13,2,1,1,1,"2014-2016",2,"3400 N. Charles Street","Johns Hopkins University",112642719,"Department of Earth and Planetary Sciences",0,"Baltimore","United States","2/3/2012",0,"https://www.jhu.edu/","jhu.edu",NULL,"21218-2680","https://api.elsevier.com/content/search/scopus?query=af-id%28112642719%29","Department of Earth and Planetary Sciences","MD","nationalP"
57189385865,"Infante L.","Infante","Liliana Vázquez","F",106742042,4,4,10,1,1,1,1,"2016-2016",1,"Santa Clara, Villa","Universidad Central “Martha Abreu” de las Villas",116702800,"Department of Chemical Sciences",0,"Clara","Cuba","2/6/2016",0,NULL,NULL,NULL,54830,"https://api.elsevier.com/content/search/scopus?query=af-id%28116702800%29","Department of Chemical Sciences",NULL,"nationalP"
57190880503,"Fuentes P.","Fuentes","Paola","F",117572588,52,50,18,2,1,1,1,"2016-2018",2,NULL,"Regional Initiative for Hydrological Monitoring of Andean Ecosystems (iMHEA)",NULL,NULL,12,"Lima","Peru","2/11/2016",5,NULL,NULL,NULL,15024,"https://api.elsevier.com/content/search/scopus?query=af-id%28117572588%29","Regional Initiative for Hydrological Monitoring of Andean Ecosystems (iMHEA)",NULL,"nationalP"
57191905378,"Salgado W.","Salgado","Wilson G.","M",121697240,0,0,8,6,1,1,1,"2016-2018",0,NULL,"Washington Medina",NULL,NULL,2,NULL,"United States","5/12/2018",1,NULL,NULL,NULL,NULL,"https://api.elsevier.com/content/search/scopus?query=af-id%28121697240%29","Washington Medina",NULL,"nationalP"
57193160657,"Reyes E.","Reyes","Exequiel Cardenas","M",60110778,14,14,1,1,1,1,1,"2016-2016",1,"Av. Universitaria 5175","Universidad de Ciencias y Humanidades",NULL,NULL,134,"Los Olivos","Peru","3/4/2018",277,"http://www.uch.edu.pe/","uch.edu.pe","univ",15314,"https://api.elsevier.com/content/search/scopus?query=af-id%2860110778%29","Ciencias y Humanidades, Universidad de","Lima","nationalP"
57193812485,"Yánez-Pazmiño W.","Yánez-Pazmiño","Wendy","F",60019702,12,12,10,4,1,1,3,"2017-2019",2,"Ring Road","University of Birmingham",NULL,NULL,25251,"Birmingham","United Kingdom","2/2/2008",146481,"https://www.birmingham.ac.uk/index.aspx","birmingham.ac.uk","univ","B15 2TT","https://api.elsevier.com/content/search/scopus?query=af-id%2860019702%29","Birmingham, University of","West Midlands","nationalP"
57193956737,"Jose A.","Jose","Aguilar","M",60002439,0,0,6,3,1,1,1,"2017-2019",0,NULL,"Universidad De Los Andes, Merida",103172193,"CEMISID",0,"Merida","Venezuela","2/2/2008",0,"http://www.ula.ve/","ula.ve",NULL,NULL,"https://api.elsevier.com/content/search/scopus?query=af-id%28103172193%29","CEMISID","Merida","nationalP"
57194074132,"Vera D.","Vera","Daniel","M",60028370,8,8,6,2,1,1,2,"2017-2019",1,"Rua General Norton de Matos","Polytechnic Institute of Leiria",123013439,"Campus 2",0,"Leiria","Portugal","26/8/2019",0,"http://www.ipleiria.pt","ipleiria.pt",NULL,"2411-901","https://api.elsevier.com/content/search/scopus?query=af-id%28123013439%29","Campus 2",NULL,"nationalP"
57194339463,"Lara-Dammer F.","Lara-Dammer","Francisco","M",60021121,2,2,2,2,1,1,2,"2017-2019",1,NULL,"Indiana University",104068469,"Department of Psychological and Brain Sciences",0,"Bloomington","United States","2/2/2008",0,"http://www.indiana.edu/","indiana.edu",NULL,NULL,"https://api.elsevier.com/content/search/scopus?query=af-id%28104068469%29","Department of Psychological and Brain Sciences","IN","nationalP"
57194452994,"Santilian-Haro D.","Santilian-Haro","Daniel","M",60011476,2,2,3,1,1,1,1,"2017-2017",1,"Camino de Vera","Universitat Politècnica de València",114332099,"Instituto de Telecomunicaciones y Aplicaciones Multimedia (ITEAM)",0,"Valencia","Spain","25/4/2014",0,"https://www.upv.es/","upv.es",NULL,46022,"https://api.elsevier.com/content/search/scopus?query=af-id%28114332099%29","Instituto de Telecomunicaciones y Aplicaciones Multimedia (ITEAM)","Valencia","nationalP"
57195314975,"Herrera A.","Herrera","Andrea Vaca","F",60056189,6,6,2,1,1,1,1,"2017-2017",1,NULL,"Escola Superior de Tecnologia e Gestão de Leiria",NULL,NULL,299,"Leiria","Portugal","2/2/2008",1111,"http://www.estg.ipleiria.pt/website/index.php?id=","estg.ipleiria.pt","univ",NULL,"https://api.elsevier.com/content/search/scopus?query=af-id%2860056189%29","Escola Superior de Tecnologia e Gestão de Leiria",NULL,"nationalP"
57195331359,"Ghandi L.","Ghandi","Lizeth","F",60056189,1,1,3,1,1,1,1,"2017-2017",1,NULL,"Escola Superior de Tecnologia e Gestão de Leiria",NULL,NULL,299,"Leiria","Portugal","2/2/2008",1111,"http://www.estg.ipleiria.pt/website/index.php?id=","estg.ipleiria.pt","univ",NULL,"https://api.elsevier.com/content/search/scopus?query=af-id%2860056189%29","Escola Superior de Tecnologia e Gestão de Leiria",NULL,"nationalP"
57195617951,"Vizuete R.","Vizuete","Renato","M",60104653,1,1,2,2,1,1,1,"2017-2020",1,"621 avenue Centrale","Universite Grenoble Alpes",121082522,"ingénierie",0,"Saint Martin d'Heres","France","14/8/2018",0,"https://www.univ-grenoble-alpes.fr/en/","univ-grenoble-alpes.fr",NULL,38400,"https://api.elsevier.com/content/search/scopus?query=af-id%28121082522%29","ingénierie","Auvergne-Rhone-Alpes","nationalP"
57198351965,"Soria Zurita N.","Soria Zurita","Nicolás F.","M",60013402,11,11,9,2,1,1,2,"2018-2019",1,NULL,"Oregon State University",108349336,"School of Mechanical, Industrial and Manufacturing Engineering",0,"Corvallis","United States","6/4/2010",0,"http://oregonstate.edu/","oregonstate.edu",NULL,"97331-4501","https://api.elsevier.com/content/search/scopus?query=af-id%28108349336%29","School of Mechanical, Industrial and Manufacturing Engineering","OR","nationalP"
57200069246,"Cantuña K.","Cantuña","Karla","F",60103740,4,4,4,2,1,1,1,"2018-2018",1,"Ctra. Camporreal, Arganda del Rey","CSIC-UPM - Centro de Automatica y Robotica (CAR)",NULL,NULL,95,"Madrid","Spain","23/4/2011",193,"http://www.car.upm-csic.es/",NULL,"resi",28500,"https://api.elsevier.com/content/search/scopus?query=af-id%2860103740%29","CSIC-UPM - Centre for Automation and Robotics",NULL,"nationalP"
57200272535,"Plaza A.","Plaza","Andrea M.","F",60028442,1,1,2,1,1,1,1,"2018-2018",1,"Avda. Ramiro de Maeztu, 7","Universidad Politécnica de Madrid",NULL,NULL,8447,"Madrid","Spain","2/2/2008",27660,"http://www.upm.es/internacional","upm.es","univ",28040,"https://api.elsevier.com/content/search/scopus?query=af-id%2860028442%29","Technical University of Madrid","Madrid","nationalP"
57200316346,"Proaño-Ríos V.","Proaño-Ríos","Verónica","F",60023383,0,0,3,1,1,1,1,"2017-2017",0,NULL,"Universidad de Santiago de Chile",104186369,"Departamento de Ingeniería Informática",0,"Santiago","Chile","2/2/2008",0,"http://www.usach.cl/","usach.cl",NULL,NULL,"https://api.elsevier.com/content/search/scopus?query=af-id%28104186369%29","Departamento de Ingeniería Informática",NULL,"nationalP"
57200379111,"Chandi L.","Chandi","Lizeth","F",60056189,1,1,3,1,1,1,1,"2018-2018",1,NULL,"Escola Superior de Tecnologia e Gestão de Leiria",NULL,NULL,299,"Leiria","Portugal","2/2/2008",1111,"http://www.estg.ipleiria.pt/website/index.php?id=","estg.ipleiria.pt","univ",NULL,"https://api.elsevier.com/content/search/scopus?query=af-id%2860056189%29","Escola Superior de Tecnologia e Gestão de Leiria",NULL,"nationalP"
57200383640,"Garzozi R.","Garzozi","René","M",60016818,1,1,3,1,1,1,1,"2018-2018",1,"Carretera Sacramento s/n, La Cañada de San Urbano","Universidad de Almeria",NULL,NULL,2681,"Almeria","Spain","3/2/2008",11870,"http://www.ual.es/","ual.es","univ","04120","https://api.elsevier.com/content/search/scopus?query=af-id%2860016818%29","Almeria, University of","Almeria","nationalP"
57200383935,"Reascos I.","Reascos","Irving","M",60020475,2,2,2,2,1,1,2,"2018-2019",1,"Largo do Pao","Universidade do Minho",107983566,"Centro Algoritmi",0,"Braga","Portugal","11/11/2009",0,"http://www.uminho.pt","uminho.pt",NULL,"4704-553","https://api.elsevier.com/content/search/scopus?query=af-id%28107983566%29","Centro Algoritmi",NULL,"nationalP"
57200410856,"Murillo J.","Murillo","Jorge R.","M",60014313,0,0,6,2,1,1,2,"2017-2019",0,"300 Massachusetts Avenue","University of Massachusetts Amherst",123091527,"UMASS",0,"Amherst MA","United States","5/9/2019",0,"https://www.umass.edu/","umass.edu",NULL,"01003-9290","https://api.elsevier.com/content/search/scopus?query=af-id%28123091527%29","UMASS","MA","nationalP"
57200855181,"Liu D.","Liu","Donfeng","M",60007155,2,2,3,1,1,1,1,"2017-2017",1,"No. 100 Waihuan Xi Road, Guangzhou Higher Education Mega Center, Panyu District","Guangdong University of Technology",122972064,"Scoool of Information Engineering",0,"Guangzhou","China","14/8/2019",0,"http://english.gdut.edu.cn/","english.gdut.edu.cn",NULL,510006,"https://api.elsevier.com/content/search/scopus?query=af-id%28122972064%29","Scoool of Information Engineering","Guangdong","nationalP"
57200962212,"Muñoz A.","Muñoz","Andrés","M",60056189,2,2,4,1,1,1,1,"2017-2017",1,NULL,"Escola Superior de Tecnologia e Gestão de Leiria",NULL,NULL,299,"Leiria","Portugal","2/2/2008",1111,"http://www.estg.ipleiria.pt/website/index.php?id=","estg.ipleiria.pt","univ",NULL,"https://api.elsevier.com/content/search/scopus?query=af-id%2860056189%29","Escola Superior de Tecnologia e Gestão de Leiria",NULL,"nationalP"
57201121467,"Menéndez J.","Menéndez","José Miguel","M",60033316,1,1,1,1,1,1,1,"2017-2017",1,"Campus Ufo, Rectorate, Sint-Pietersnieuwstraat 25","Universiteit Gent",104692575,"Department of Telecommunications and Information Processing",0,"Ghent","Belgium","2/2/2008",0,"https://www.ugent.be/en","ugent.be",NULL,9000,"https://api.elsevier.com/content/search/scopus?query=af-id%28104692575%29","Department of Telecommunications and Information Processing","VOV","nationalP"
57201681146,"Mera Z.","Mera","Zamir","M",60108449,9,9,11,2,1,1,1,"2018-2019",2,"Campus Sur UPM, Carretera de Valencia (A3) km 7","Instituto Universitario de Investigación del Automóvil (INSIA), Universidad Politécnica de Madrid",NULL,NULL,104,"Madrid","Spain","14/4/2017",150,"http://insia-upm.es/",NULL,"resi",28031,"https://api.elsevier.com/content/search/scopus?query=af-id%2860108449%29","Instituto Universitario de Investigación del Automóvil (INSIA), Universidad Politécnica de Madrid","Madrid","nationalP"
57201686319,"P?rez-Gosende P.","P?rez-Gosende","Pablo","M",60011476,0,0,0,3,1,1,1,"2018-2019",0,"Camino de Vera","Universitat Politècnica de València",103614499,"Centro de Investigación en Gestión e Ingeniería de la Producción (CIGIP)",0,"Valencia","Spain","2/2/2008",0,"https://www.upv.es/","upv.es",NULL,46022,"https://api.elsevier.com/content/search/scopus?query=af-id%28103614499%29","Centro de Investigación en Gestión e Ingeniería de la Producción (CIGIP)","Valencia","nationalP"
57201858327,"Belli S.","Belli","Simone",NULL,60027282,29,29,123,28,1,1,11,"2007-2019",3,"Avda. de Séneca 2","Universidad Complutense de Madrid",NULL,NULL,21309,"Madrid","Spain","3/2/2008",90430,"http://www.ucm.es/","ucm.es","univ",28040,"https://api.elsevier.com/content/search/scopus?query=af-id%2860027282%29","Complutense University of Madrid","Madrid","nationalP"
57202352516,"Cajas V.","Cajas","Viviana Elizabeth","F",60110332,0,0,8,3,1,1,3,"2018-2019",0,"Calle 50 y 120","Facultad de Informática, Universidad Nacional de La Plata",NULL,NULL,97,"La Plata","Argentina","25/1/2018",224,"http://info.unlp.edu.ar/","info.unlp.edu.ar","coll",1900,"https://api.elsevier.com/content/search/scopus?query=af-id%2860110332%29","Facultad de Informática, Universidad Nacional de La Plata","Provincia de Buenos Aires","nationalP"
57202457319,"Añazco E.","Añazco","Edwin Valarezo","M",60001873,0,0,6,2,1,1,2,"2018-2019",0,"1 Hoegi-dong","Kyung Hee University",109491374,"Department of Biomedical Engineering",0,"Seoul","South Korea","9/9/2010",0,"http://www.kyunghee.ac.kr/main/index.html","kyunghee.ac.kr",NULL,"130-701","https://api.elsevier.com/content/search/scopus?query=af-id%28109491374%29","Department of Biomedical Engineering","Seoul","nationalP"
57202606895,"Valencia-Chapi R.","Valencia-Chapi","Robert M.","M",60028442,3,3,9,2,1,1,2,"2018-2019",1,"Avda. Ramiro de Maeztu, 7","Universidad Politécnica de Madrid",123321075,"Department of Energetics",0,"Madrid","Spain","21/10/2019",0,"http://www.upm.es/internacional","upm.es",NULL,28040,"https://api.elsevier.com/content/search/scopus?query=af-id%28123321075%29","Department of Energetics","Madrid","nationalP"
57202677952,"Arcos-Medina G.","Arcos-Medina","Gloria","F",60071231,1,1,10,4,1,1,3,"2018-2019",1,"Calle Germán Amézaga N° 375 - Edificio Jorge Basadre, Ciudad Universitaria","Universidad Nacional Mayor de San Marcos",121922260,"Faculty of System Engineering and Computing",0,"Lima","Peru","10/1/2019",0,"http://www.unmsm.edu.pe/","unmsm.edu.pe",NULL,15081,"https://api.elsevier.com/content/search/scopus?query=af-id%28121922260%29","Faculty of System Engineering and Computing","Lima","nationalP"
57203004481,"Lucas Marcillo K.","Lucas Marcillo","Kevin Eduardo","M",60017609,6,5,18,7,1,1,6,"2018-2019",2,"Campus Universitario SN - Caixa Postal 476","Universidade Federal de Santa Catarina",NULL,NULL,15339,"Florianopolis","Brazil","3/2/2008",39250,"http://www.ufsc.br","ufsc.br","univ","88040-900","https://api.elsevier.com/content/search/scopus?query=af-id%2860017609%29","Federal University of Santa Catarina","SC","nationalP"
57203885332,"Caio R.","Caio","Ricardo","M",60007631,2,2,4,1,1,1,1,"2018-2018",1,"Oude Diestersebaan 133","Flanders Make",121363942,"Core Lab EEDT-Energy Efficient Drive Trains",0,"Lommel","Belgium","21/9/2018",0,"https://www.flandersmake.be/en","flandersmake.be",NULL,3920,"https://api.elsevier.com/content/search/scopus?query=af-id%28121363942%29","Core Lab EEDT-Energy Efficient Drive Trains","VLI","nationalP"
57203885794,"De Almeida J.","De Almeida","José Rafael","M",60029570,3,3,9,2,1,1,1,"2018-2018",1,"Cidade Universitaria Zeferino Vaz SN - Reitoria","Universidade Estadual de Campinas",112929814,"Institute of Chemistry",0,"Campinas","Brazil","11/7/2012",0,"http://www.unicamp.br","unicamp.br",NULL,"13083-970","https://api.elsevier.com/content/search/scopus?query=af-id%28112929814%29","Institute of Chemistry","SP","nationalP"
57204649339,"Merchán J.","Merchán","José L.","M",60033284,0,0,4,2,1,1,1,"2018-2019",0,"4 San Fernando Str.","University of Seville",NULL,NULL,11245,"Sevilla","Spain","3/2/2008",51621,"http://www.us.es/","us.es","univ",41004,"https://api.elsevier.com/content/search/scopus?query=af-id%2860033284%29","Seville, University of","Seville","nationalP"
57205609130,"Coello-Avellaneda J.","Coello-Avellaneda","Jorge Miguel","M",60028419,0,0,3,1,1,1,1,"2018-2018",0,"Colexio de San Xerome Praza do Obradoiro","Universidad de Santiago de Compostela",NULL,NULL,9776,"Santiago de Compostela","Spain","2/2/2008",43213,"http://www.usc.es/en/index.jsp","usc.es","univ",15782,"https://api.elsevier.com/content/search/scopus?query=af-id%2860028419%29","Santiago de Compostela, Universidad de","A Coruña","nationalP"
57210582661,"Serrano-Paredes K.","Serrano-Paredes","Karina De Lourdes","F",60002636,0,0,3,1,1,1,1,"2018-2018",0,"República 252","Universidad Andrés Bello",106209552,"Facultad de Enfermería",0,"Santiago","Chile","12/9/2008",0,"http://www.unab.cl","unab.cl",NULL,NULL,"https://api.elsevier.com/content/search/scopus?query=af-id%28106209552%29","Facultad de Enfermería","RM","nationalP"
57210587848,"Mesa-Cano I.","Mesa-Cano","Isabel C.","F",60002636,0,0,3,1,1,1,1,"2018-2018",0,"República 252","Universidad Andrés Bello",106209552,"Facultad de Enfermería",0,"Santiago","Chile","12/9/2008",0,"http://www.unab.cl","unab.cl",NULL,NULL,"https://api.elsevier.com/content/search/scopus?query=af-id%28106209552%29","Facultad de Enfermería","RM","nationalP"
7004660684,"Espinoza E.","Espinoza","Eduardo R.","M",122256096,157,113,170,10,1,1,1,"2010-2019",6,"9255 Sir Francis Drake Boulevard, Olema","MigraMar",NULL,NULL,12,NULL,"United States","18/3/2019",4,NULL,NULL,NULL,94950,"https://api.elsevier.com/content/search/scopus?query=af-id%28122256096%29","MigraMar","CA","nationalP"
7403543527,"Rodriguez A.","Rodriguez","Alvaro","M",100927319,2,2,2,1,1,1,1,"1987-1987",1,"Univerdad de","Instituto de Matemática y Física",NULL,NULL,3,"Talca","Chile","3/2/2008",4,NULL,NULL,NULL,NULL,"https://api.elsevier.com/content/search/scopus?query=af-id%28100927319%29","Instituto de Matemática y Física",NULL,"nationalP"
8411951300,"Peñafiel N.","Peñafiel","Nicolás","M",60019000,83,73,41,11,1,1,1,"2012-2019",6,"P.O. Box 4200 230 Elizabeth Avenue","Memorial University of Newfoundland",100294984,"Department of Biology",0,"St John's","Canada","2/2/2008",0,"http://www.mun.ca","mun.ca",NULL,"A1C 5S7","https://api.elsevier.com/content/search/scopus?query=af-id%28100294984%29","Department of Biology","NL","nationalP"
12788813000,"Marcillo O.","Marcillo","Omar E.","M",60006164,936,886,36,19,1,2,2,"2005-2019",10,"Bikini Atoll Rd., SM 30","Los Alamos National Laboratory",103348625,"Geophysics Group",0,"Los Alamos","United States","2/2/2008",0,"https://www.lanl.gov/","lanl.gov",NULL,"87544-0600","https://api.elsevier.com/content/search/scopus?query=af-id%28103348625%29","Geophysics Group","NM","nationalP"
14060114600,"Gutiérrez S.","Gutiérrez","Sandra Antonio","F",60025028,4,4,7,3,2,2,2,"2006-2018",1,"Patio de Escuelas Mayores, 1","Universidad de Salamanca",104261509,"GRIAL Research Group",0,"Salamanca","Spain","2/2/2008",0,"http://www.usal.es/webusal/en","usal.es",NULL,37008,"https://api.elsevier.com/content/search/scopus?query=af-id%28104261509%29","GRIAL Research Group",NULL,"nationalP"
35218059800,"Ortega A.","Ortega","Andre P.","M",60025225,17,17,5,2,2,2,2,"2009-2018",1,"University Road","University of Southampton",112357448,"Electronics and Computer Science",0,"Southampton","United Kingdom","4/11/2011",0,"https://www.southampton.ac.uk/","southampton.ac.uk",NULL,"SO17 1BJ","https://api.elsevier.com/content/search/scopus?query=af-id%28112357448%29","Electronics and Computer Science","Hampshire","nationalP"
35781983000,"Mora-Fernández J.","Mora-Fernández","Jorge","M",60027282,3,3,2,5,1,2,4,"2008-2020",1,"Avda. de Séneca 2","Universidad Complutense de Madrid",NULL,NULL,21309,"Madrid","Spain","3/2/2008",90430,"http://www.ucm.es/","ucm.es","univ",28040,"https://api.elsevier.com/content/search/scopus?query=af-id%2860027282%29","Complutense University of Madrid","Madrid","nationalP"
36547934400,"Guitarra S.","Guitarra","Silvana","F",60068543,2,2,11,9,2,2,2,"2010-2019",1,"Avenue Escadrille Normandie Niemen - Case 142","Institut Matériaux Microélectronique Nanosciences de Provence",NULL,NULL,476,"Marseille","France","2/2/2008",1703,"http://www.im2np.fr/",NULL,"resi",13397,"https://api.elsevier.com/content/search/scopus?query=af-id%2860068543%29","Institut Matériaux Microélectronique Nanosciences de Provence",NULL,"nationalP"
55321161400,"Romero-López D.G.","Romero-López","Dennis Romero","M",60028426,3,3,2,2,1,2,2,"2012-2014",1,"Avenida Fernando Ferrari 514 - Campus Universitario","Federal University of Espirito Santo",104440699,"Departamento de Engenharia Elétrica",0,"Vitória","Brazil","2/2/2008",0,"http://www.ufes.br","ufes.br",NULL,"29075-910","https://api.elsevier.com/content/search/scopus?query=af-id%28104440699%29","Departamento de Engenharia Elétrica","ES","nationalP"
55648244100,"Cabrera M.","Cabrera","Maria A.","F",122693406,4,4,5,2,1,2,2,"2015-2019",1,"COES SINAC","Evaluation Sub-direction",NULL,NULL,1,"Lima","Peru","17/6/2019",1,NULL,NULL,NULL,NULL,"https://api.elsevier.com/content/search/scopus?query=af-id%28122693406%29","Evaluation Sub-direction",NULL,"nationalP"
55681391900,"Navas M.","Navas","Mirialys Machin","F",113579642,5,5,6,2,1,2,2,"2013-2013",2,NULL,"Facultad Regional UCI Ciego de Ávila",NULL,NULL,1,NULL,"Cuba","16/5/2013",0,NULL,NULL,NULL,NULL,"https://api.elsevier.com/content/search/scopus?query=af-id%28113579642%29","Facultad Regional UCI Ciego de Ávila",NULL,"nationalP"
55790535700,"Jiménez-Jiménez D.","Jiménez-Jiménez","Diego","M",60011520,91,83,32,9,2,2,2,"2013-2018",6,"Strand","King's College London",113910310,"Department of Clinical Neurosciences",0,"London","United Kingdom","12/10/2013",0,"http://www.kcl.ac.uk/","kcl.ac.uk",NULL,"WC2R 2LS","https://api.elsevier.com/content/search/scopus?query=af-id%28113910310%29","Department of Clinical Neurosciences",NULL,"nationalP"
55822484400,"Vicente V.","Vicente","Víctor","M",60105170,17,16,9,4,2,2,2,"2013-2016",2,"Carrer de Quevedo, 2","Universidad Católica de Valencia San Vicente Mártir",NULL,NULL,510,"Valencia","Spain","29/5/2015",1052,"https://www.ucv.es/","ucv.es","univ",46001,"https://api.elsevier.com/content/search/scopus?query=af-id%2860105170%29","Católica de Valencia San Vicente Mártir, Universidad","Province of Valencia","nationalP"
56057013600,"Kelfoun K.","Kelfoun","Karim","M",60004135,933,693,195,51,1,2,2,"2000-2019",18,NULL,"Universite d' Auvergne Clermont-FD 1",NULL,NULL,2860,"Clermont-Ferrand","France","2/2/2008",9980,"http://www.u-clermont1.fr","u-clermont1.fr","univ",NULL,"https://api.elsevier.com/content/search/scopus?query=af-id%2860004135%29","Auvergne Clermont-FD 1, Universite d'",NULL,"nationalP"
56094980300,"Mulero-Pázmány M.","Mulero-Pázmány","Margarita","F",60006627,282,222,49,13,1,2,2,"2012-2018",8,"Calle Américo Vespucio, 26, Isla de la Cartuja","CSIC- Estación Biológica de Doñana EBD",105609042,"Department of Evolutionary Ecology",0,"Sevilla","Spain","3/4/2008",0,"http://www.ebd.csic.es/inicio","ebd.csic.es",NULL,41092,"https://api.elsevier.com/content/search/scopus?query=af-id%28105609042%29","Department of Evolutionary Ecology","Seville","nationalP"
56126923400,"Espinoza H.","Espinoza","Hector","M",60103889,56,34,10,7,1,2,2,"2013-2017",4,"Parque Industrial y Tecnológico Carlos Vélez Pombo Km 1 Vía Turbaco","Universidad Tecnológica de Bolívar",113228271,"Faculty of Engineering",0,"Cartagena","Colombia","6/12/2012",0,"http://www.unitecnologica.edu.co/","unitecnologica.edu.co",NULL,NULL,"https://api.elsevier.com/content/search/scopus?query=af-id%28113228271%29","Faculty of Engineering","Bolivar","nationalP"
56612939600,"Rojo J.","Rojo","José Luis","M",60018940,13,13,12,3,2,2,2,"2015-2018",1,"Calle Tulipan","Universidad Rey Juan Carlos",122165811,"Dept. Teoría de la Señal y Comunicaciones",0,"Mostoles","Spain","19/2/2019",0,"http://www.urjc.es/","urjc.es",NULL,28933,"https://api.elsevier.com/content/search/scopus?query=af-id%28122165811%29","Dept. Teoría de la Señal y Comunicaciones","Madrid","nationalP"
56803366600,"Ríos R.","Ríos","Ramiro","M",60032057,4,4,5,2,2,2,2,"2015-2017",1,"Calle 7 Nº 776","Universidad Nacional de La Plata",121473603,"Program in Ciencias Informáticas",0,"La Plata","Argentina","23/10/2018",0,"http://www.unlp.edu.ar","unlp.edu.ar",NULL,1900,"https://api.elsevier.com/content/search/scopus?query=af-id%28121473603%29","Program in Ciencias Informáticas","Provincia de Buenos Aires","nationalP"
57118177200,"Pesántez D.","Pesántez","Daniel","M",60007087,14,14,11,3,1,2,2,"2015-2018",2,"Avenida España 1680","Universidad Técnica Federico Santa María",112389396,"Department of Electronics Engineering",0,"Valparaíso","Chile","12/11/2011",0,"http://www.utfsm.cl/","utfsm.cl",NULL,"110-V","https://api.elsevier.com/content/search/scopus?query=af-id%28112389396%29","Department of Electronics Engineering",NULL,"nationalP"
57189036915,"Zumba P.","Zumba","Pablo","M",117310701,2,2,7,2,1,2,2,"2016-2016",1,NULL,"Grupo de Investigación en Telecomunicaciones (GITEL)",NULL,NULL,3,NULL,"Colombia","14/9/2016",1,NULL,NULL,NULL,NULL,"https://api.elsevier.com/content/search/scopus?query=af-id%28117310701%29","Grupo de Investigación en Telecomunicaciones (GITEL)",NULL,"nationalP"
57189214167,"Pilco A.","Pilco","Andrea","F",60026990,0,0,7,2,1,2,2,"2016-2019",0,"263 Hongqinan Road Nankai District","Tianjin University of Technology",120983055,"School of Science and Engineering",0,"Tianjin","China","24/7/2018",0,"http://www.tjut.edu.cn","tjut.edu.cn",NULL,300191,"https://api.elsevier.com/content/search/scopus?query=af-id%28120983055%29","School of Science and Engineering","Tianjin","nationalP"
57190298949,"Soria N.","Soria","Nicolás F.","M",60013402,3,2,5,2,1,2,2,"2015-2016",1,NULL,"Oregon State University",103699536,"Industrial and Manufacturing Engineering",0,"Corvallis","United States","2/2/2008",0,"http://oregonstate.edu/","oregonstate.edu",NULL,"97331-4501","https://api.elsevier.com/content/search/scopus?query=af-id%28103699536%29","Industrial and Manufacturing Engineering","OR","nationalP"
57190381981,"Pablo E.","Pablo","Enrique Galarza","M",60013682,2,2,4,2,1,2,2,"2016-2016",1,"1 Gwanak-ro, Gwanak-gu","Seoul National University",NULL,NULL,36140,"Seoul","South Korea","2/2/2008",157487,"http://en.snu.ac.kr/","en.snu.ac.kr","univ","08826","https://api.elsevier.com/content/search/scopus?query=af-id%2860013682%29","Seoul National University",NULL,"nationalP"
57192643422,"Vivert M.","Vivert","Miguel","M",60033545,2,1,8,4,1,2,2,"2016-2019",1,"Carrera 7 No. 40 - 62","Pontificia Universidad Javeriana",106422639,"Department of Electronics",0,"Bogota","Colombia","26/11/2008",0,"http://www.javeriana.edu.co/","javeriana.edu.co",NULL,56710,"https://api.elsevier.com/content/search/scopus?query=af-id%28106422639%29","Department of Electronics","Distrito Capital","nationalP"
57192696528,"Ochoa D.","Ochoa","Danny","M",60009455,63,56,1,6,1,2,3,"2016-2019",3,"Avenida de la Complutense","Escuela Tecnica Superior de Ingenieros de Telecomunicacion, Madrid",113648885,"Department of Electrical Engineering",0,"Madrid","Spain","8/6/2013",0,"http://www.etsit.upm.es/","etsit.upm.es",NULL,28040,"https://api.elsevier.com/content/search/scopus?query=af-id%28113648885%29","Department of Electrical Engineering","Madrid","nationalP"
57193961613,"Flores D.","Flores","Daniela","F",119847913,7,7,7,3,2,2,2,"2017-2018",2,NULL,"Osaka Minato Central Hospital",119936906,"Department of Otorhinolaryngology",0,"Osaka","Japan","25/12/2017",0,NULL,NULL,NULL,537,"https://api.elsevier.com/content/search/scopus?query=af-id%28119936906%29","Department of Otorhinolaryngology",NULL,"nationalP"
57193961970,"Albán Ruiz P.","Albán Ruiz","Pablo Fernando","M",118379703,0,0,2,2,2,2,2,"2017-2017",0,"Leiria, Morro do Lena , Alto do Vieiro","IPL",118381409,"Computer Science and Communications Research Centre",0,"Leiria","Portugal","28/4/2017",0,NULL,NULL,NULL,4133,"https://api.elsevier.com/content/search/scopus?query=af-id%28118381409%29","Computer Science and Communications Research Centre",NULL,"nationalP"
57194125697,"Narváez Ríos M.","Narváez Ríos","Margarita","F",60016476,1,1,17,3,2,2,3,"2017-2019",1,"Calle ancha, 16","Universidad de Cadiz",108089406,"Grupo de Sistemas Inteligentes de Computación",0,"Cadiz","Spain","12/12/2009",0,"https://www.uca.es/?lang=en","uca.es",NULL,11001,"https://api.elsevier.com/content/search/scopus?query=af-id%28108089406%29","Grupo de Sistemas Inteligentes de Computación","Cadiz","nationalP"
57194777241,"Idrovo R.","Idrovo","Roger M.","M",120211074,4,4,6,2,2,2,2,"2017-2017",1,NULL,"Plaza-Guingla",NULL,NULL,2,NULL,"Belgium","16/2/2018",1,NULL,NULL,NULL,NULL,"https://api.elsevier.com/content/search/scopus?query=af-id%28120211074%29","Plaza-Guingla",NULL,"nationalP"
57195291602,"Yanez W.","Yanez","Wendy","F",60009455,2,2,6,2,2,2,2,"2017-2018",1,"Avenida de la Complutense","Escuela Tecnica Superior de Ingenieros de Telecomunicacion, Madrid",NULL,NULL,1349,"Madrid","Spain","3/2/2008",3522,"http://www.etsit.upm.es/","etsit.upm.es","univ",28040,"https://api.elsevier.com/content/search/scopus?query=af-id%2860009455%29","Escuela Tecnica Superior de Ingenieros de Telecomunicacion, Madrid","Madrid","nationalP"
57195835304,"Rosero C.","Rosero","Carlos Xavier","M",60007592,9,6,8,6,1,2,2,"2017-2018",2,"C. Jordi Girona, 31","Universitat Politècnica de Catalunya",112688600,"Department of Automatic Control",0,"Barcelona","Spain","21/3/2012",0,"https://www.upc.edu/en","upc.edu",NULL,"08034","https://api.elsevier.com/content/search/scopus?query=af-id%28112688600%29","Department of Automatic Control","Barcelona","nationalP"
57197005001,"García P.","García","Pedro","M",60001197,235,215,29,18,2,2,3,"1996-2019",5,NULL,"Universidad Central de Venezuela",NULL,NULL,4382,"Caracas","Venezuela","2/2/2008",8905,"http://www.ucv.ve/","ucv.ve","univ",1050,"https://api.elsevier.com/content/search/scopus?query=af-id%2860001197%29","Central de Venezuela, Universidad",NULL,"nationalP"
57197853128,"Zurita N.","Zurita","Nicolás F.Soria","M",60013402,7,7,3,2,2,2,2,"2017-2018",2,NULL,"Oregon State University",103699536,"Industrial and Manufacturing Engineering",0,"Corvallis","United States","2/2/2008",0,"http://oregonstate.edu/","oregonstate.edu",NULL,"97331-4501","https://api.elsevier.com/content/search/scopus?query=af-id%28103699536%29","Industrial and Manufacturing Engineering","OR","nationalP"
57200308316,"Almeida-Gal?rraga D.","Almeida-Gal?rraga","Diego","M",60028442,4,4,51,4,1,2,2,"2007-2018",1,"Avda. Ramiro de Maeztu, 7","Universidad Politécnica de Madrid",NULL,NULL,8447,"Madrid","Spain","2/2/2008",27660,"http://www.upm.es/internacional","upm.es","univ",28040,"https://api.elsevier.com/content/search/scopus?query=af-id%2860028442%29","Technical University of Madrid","Madrid","nationalP"
57200384485,"Aragón-Puetate J.","Aragón-Puetate","Johnny Alejandro","M",60028419,0,0,4,2,2,2,2,"2018-2018",0,"Colexio de San Xerome Praza do Obradoiro","Universidad de Santiago de Compostela",NULL,NULL,9776,"Santiago de Compostela","Spain","2/2/2008",43213,"http://www.usc.es/en/index.jsp","usc.es","univ",15782,"https://api.elsevier.com/content/search/scopus?query=af-id%2860028419%29","Santiago de Compostela, Universidad de","A Coruña","nationalP"
57200385408,"Rivero-Albarrán D.","Rivero-Albarrán","Dulce M.","F",60002439,1,1,9,3,2,2,3,"2018-2019",1,NULL,"Universidad De Los Andes, Merida",NULL,NULL,3173,"Merida","Venezuela","2/2/2008",7409,"http://www.ula.ve/","ula.ve","univ",NULL,"https://api.elsevier.com/content/search/scopus?query=af-id%2860002439%29","Los Andes, Merida, Universidad De","Merida","nationalP"
57201680972,"Cointe C.","Cointe","Clément","M",60004981,16,15,8,3,2,2,2,"2018-2018",2,"61, avenue du Président Wilson","École Normale Supérieure Paris-Saclay",NULL,NULL,963,"Cachan","France","2/2/2008",3928,"https://ens-paris-saclay.fr/en","ens-paris-saclay.fr","univ","94235, cedex","https://api.elsevier.com/content/search/scopus?query=af-id%2860004981%29","École Normale Supérieure Paris-Saclay","Ile-de-France","nationalP"
57201854954,"Benalcázar D.","Benalcázar","Diego R.","M",122382730,0,0,7,3,2,2,2,"2018-2019",0,NULL,"Universidad San Francisco de Quito USFQ",122383763,"Colegio de Ciencias e Ingenierías El Politécnico",0,"Quito","Mexico","9/4/2019",0,NULL,NULL,NULL,NULL,"https://api.elsevier.com/content/search/scopus?query=af-id%28122383763%29","Colegio de Ciencias e Ingenierías El Politécnico",NULL,"nationalP"
57201900026,"González-Mondragón L.","González-Mondragón","Luis Alejandro","M",60030699,3,3,13,6,1,2,3,"2017-2019",1,"Luls Enrique Erro 1","Instituto Nacional de Astrofisica Optica y Electronica",112759894,"Department of Electronics",0,"Puebla","Mexico","18/4/2012",0,"http://www.inaoep.mx","inaoep.mx",NULL,72000,"https://api.elsevier.com/content/search/scopus?query=af-id%28112759894%29","Department of Electronics","PUE","nationalP"
57202944980,"Castillo S.","Castillo","Samara David R.","F",60023520,1,1,16,3,1,2,3,"2018-2019",1,NULL,"Pontificia Universidad Católica de Valparaíso",104190091,"Escuela de Ingeniería Informática",0,"Valparaiso","Chile","2/2/2008",0,"http://www.ucv.cl/english/","ucv.cl",NULL,NULL,"https://api.elsevier.com/content/search/scopus?query=af-id%28104190091%29","Escuela de Ingeniería Informática",NULL,"nationalP"
57203220077,"Loza-Matovelle D.","Loza-Matovelle","David","M",123237018,1,1,9,3,1,2,3,"2018-2019",1,"Av. General Ruminahui S/N, Sector Santa Clara, Sangolqui Valle de los Chillos","Universidad de las Fuerzas Armadas ESPE",NULL,NULL,1,"Sangolqui","Chile","4/10/2019",1,NULL,NULL,NULL,NULL,"https://api.elsevier.com/content/search/scopus?query=af-id%28123237018%29","Fuerzas Armadas ESPE, Universidad de las",NULL,"nationalP"
57203983181,"Cornejo-Reyes J.","Cornejo-Reyes","Javier","M",60023610,0,0,18,3,1,2,2,"2018-2018",0,"Calle de la Maestranza 9","Universidade da Coruña",112751158,"Department of Mathematics",0,"A Coruna","Spain","13/4/2012",0,"www.udc.es","udc.es",NULL,15001,"https://api.elsevier.com/content/search/scopus?query=af-id%28112751158%29","Department of Mathematics","A Coruña","nationalP"
57203986401,"Yungaicela-Naula N.","Yungaicela-Naula","Noe M.","M",60007966,3,3,7,4,2,2,3,"2016-2019",1,"Ave Eugenio Garza Sada 2501 sur","Tecnologico de Monterrey",115201121,"School of Science and Engineering",0,"Monterrey","Mexico","8/5/2015",0,"http://tec.mx/en","tec.mx",NULL,64849,"https://api.elsevier.com/content/search/scopus?query=af-id%28115201121%29","School of Science and Engineering","NLE","nationalP"
57204064112,"Basante-Villota C.","Basante-Villota","Cielo K.","F",60054919,0,0,9,2,2,2,2,"2018-2018",0,"Calle 18 Cra 50","Universidad de Nariño",NULL,NULL,504,"Pasto","Colombia","2/2/2008",655,"http://www.udenar.edu.co/","udenar.edu.co","univ",NULL,"https://api.elsevier.com/content/search/scopus?query=af-id%2860054919%29","Nariño, Universidad de","Narino","nationalP"
57204068468,"Ortega-Castillo C.","Ortega-Castillo","Carlos M.","M",60054919,0,0,9,2,2,2,2,"2018-2018",0,"Calle 18 Cra 50","Universidad de Nariño",NULL,NULL,504,"Pasto","Colombia","2/2/2008",655,"http://www.udenar.edu.co/","udenar.edu.co","univ",NULL,"https://api.elsevier.com/content/search/scopus?query=af-id%2860054919%29","Nariño, Universidad de","Narino","nationalP"
57204717075,"Rodríguez J.","Rodríguez","Jorge","M",60033316,3,3,9,3,2,2,2,"2016-2018",1,"Campus Ufo, Rectorate, Sint-Pietersnieuwstraat 25","Universiteit Gent",NULL,NULL,21229,"Ghent","Belgium","2/2/2008",128462,"https://www.ugent.be/en","ugent.be","univ",9000,"https://api.elsevier.com/content/search/scopus?query=af-id%2860033316%29","Ghent University","VOV","nationalP"
57205608071,"Mila-Maldonado A.","Mila-Maldonado","Andrea Del Carmen","F",60028419,0,0,5,3,2,2,3,"2018-2019",0,"Colexio de San Xerome Praza do Obradoiro","Universidad de Santiago de Compostela",NULL,NULL,9776,"Santiago de Compostela","Spain","2/2/2008",43213,"http://www.usc.es/en/index.jsp","usc.es","univ",15782,"https://api.elsevier.com/content/search/scopus?query=af-id%2860028419%29","Santiago de Compostela, Universidad de","A Coruña","nationalP"
6507675654,"Piovan M.","Piovan","Marcelo Tulio","M",60016063,614,486,25,33,1,2,2,"1999-2020",12,"Sarmiento 440","Universidad Tecnologica Nacional",NULL,NULL,1297,"Buenos Aires","Argentina","3/2/2008",2531,"http://www.utn.edu.ar","utn.edu.ar","univ",1347,"https://api.elsevier.com/content/search/scopus?query=af-id%2860016063%29","National University of Technology",NULL,"nationalP"
55803843500,"Rengifo J.","Rengifo","Johnny","M",60026438,50,38,20,13,2,3,3,"2012-2018",5,"Sartenejas , Baruta","Universidad Simón Bolívar",NULL,NULL,3245,"Caracas","Venezuela","2/2/2008",9895,"http://www.usb.ve/","usb.ve","univ","89 000","https://api.elsevier.com/content/search/scopus?query=af-id%2860026438%29","Simón Bolívar, Caracas, Universidad","Edo. Miranda","nationalP"
56046511200,"Bracamonte M.","Bracamonte","Mireya","F",60031924,5,4,6,8,3,3,3,"2013-2018",1,NULL,"Universidad Centroccidental Lisandro Alvarado",104621825,"Department of Mathematics",0,"Barquisimeto","Venezuela","2/2/2008",0,"http://www.ucla.edu.ve/","ucla.edu.ve",NULL,NULL,"https://api.elsevier.com/content/search/scopus?query=af-id%28104621825%29","Department of Mathematics","Lara","nationalP"
56183675600,"González-Jaramillo V.","González-Jaramillo","Víctor H.","M",60012556,59,47,32,9,3,3,3,"2014-2019",5,"Biegenstrasse 10","Philipps-Universität Marburg",103663762,"Laboratory for Climatology and Remote Sensing",0,"Marburg","Germany","2/2/2008",0,"http://www.uni-marburg.de","uni-marburg.de",NULL,35037,"https://api.elsevier.com/content/search/scopus?query=af-id%28103663762%29","Laboratory for Climatology and Remote Sensing","Hessen","nationalP"
56294185800,"Auquilla A.","Auquilla","Andres","M",60025063,10,8,10,6,3,3,3,"2014-2018",2,"Oude Markt 13","KU Leuven",NULL,NULL,23129,"3000 Leuven","Belgium","2/2/2008",141553,"https://www.kuleuven.be/english/","kuleuven.ac.be","univ",3000,"https://api.elsevier.com/content/search/scopus?query=af-id%2860025063%29","Catholic University of Leuven","Vlaams-Brabant","nationalP"
56769875400,"Ochoa-Zambrano J.","Ochoa-Zambrano","Juan","M",60028442,3,3,5,3,2,3,3,"2015-2017",1,"Avda. Ramiro de Maeztu, 7","Universidad Politécnica de Madrid",116534922,"ETSISI",0,"Madrid","Spain","26/4/2016",0,"http://www.upm.es/internacional","upm.es",NULL,28040,"https://api.elsevier.com/content/search/scopus?query=af-id%28116534922%29","ETSISI","Madrid","nationalP"
57031612900,"Tapia L.","Tapia","Lucía Méndez","F",60007592,5,5,3,3,2,3,3,"2015-2017",1,"C. Jordi Girona, 31","Universitat Politècnica de Catalunya",NULL,NULL,10382,"Barcelona","Spain","2/2/2008",49043,"https://www.upc.edu/en","upc.edu","univ","08034","https://api.elsevier.com/content/search/scopus?query=af-id%2860007592%29","Politécnica de Catalunya, Universitat","Barcelona","nationalP"
57053204600,"del Pozo I.","del Pozo","Ivan","M",60055696,8,8,3,3,2,3,3,"2015-2018",1,"Carrera 45 # 26-85 Edif. Uriel Gutiérrez","Universidad Nacional de Colombia",NULL,NULL,13629,"Bogota","Colombia","2/2/2008",28360,"http://unal.edu.co/en.html","unal.edu.co","univ",NULL,"https://api.elsevier.com/content/search/scopus?query=af-id%2860055696%29","Nacional de Colombia, Universidad",NULL,"nationalP"
57142619200,"Cabrera-Leyva L.","Cabrera-Leyva","Lisset","F",60069789,33,21,15,5,3,3,3,"2016-2018",3,"Carretera de Circunvalacion, Km. 5,5 Norte Camaguey","Universidad de Camagüey",109081623,"Grupo de Investigación de Inteligencia Artificial (AIRES)",0,"Camaguey","Cuba","4/7/2010",0,"http://www.reduc.edu.cu/","reduc.edu.cu",NULL,74650,"https://api.elsevier.com/content/search/scopus?query=af-id%28109081623%29","Grupo de Investigación de Inteligencia Artificial (AIRES)",NULL,"nationalP"
57148258000,"Proaño P.","Proaño","Pablo","M",120545227,19,19,4,3,3,3,3,"2015-2017",3,NULL,"Escuela de Formación de Tecnólogos ESFOT",NULL,NULL,1,NULL,"Spain","23/4/2018",1,NULL,NULL,NULL,NULL,"https://api.elsevier.com/content/search/scopus?query=af-id%28120545227%29","Escuela de Formación de Tecnólogos ESFOT",NULL,"nationalP"
57148291200,"Capito L.","Capito","Linda","F",120544941,19,19,4,3,3,3,3,"2015-2017",3,NULL,"Departamento de Ingeniería Mecánica",NULL,NULL,1,NULL,"Spain","23/4/2018",1,NULL,NULL,NULL,NULL,"https://api.elsevier.com/content/search/scopus?query=af-id%28120544941%29","Departamento de Ingeniería Mecánica",NULL,"nationalP"
57148422200,"Cajo R.","Cajo","Ricardo","M",60007631,22,21,27,13,3,3,6,"2015-2019",3,"Oude Diestersebaan 133","Flanders Make",122704121,"EEDT Decision and Control",0,"Lommel","Belgium","19/6/2019",0,"https://www.flandersmake.be/en","flandersmake.be",NULL,3920,"https://api.elsevier.com/content/search/scopus?query=af-id%28122704121%29","EEDT Decision and Control","VLI","nationalP"
57163508000,"Reátegui R.","Reátegui","Ruth","F",60026786,15,15,6,6,3,3,5,"2015-2019",2,"1100 Notre-Dame Street West (corner of Peel)","École de Technologie Supérieure",NULL,NULL,1943,"Montreal","Canada","3/2/2008",7783,"http://www.etsmtl.ca/en/Home","etsmtl.ca","univ","H3C 1K3","https://api.elsevier.com/content/search/scopus?query=af-id%2860026786%29","École de Technologie Supérieure","QC","national"
57192894142,"Rodríguez-Hoyos A.","Rodríguez-Hoyos","Ana","F",60007592,22,22,7,5,3,3,7,"2017-2020",2,"C. Jordi Girona, 31","Universitat Politècnica de Catalunya",103418352,"Department of Telematics Engineering",0,"Barcelona","Spain","2/2/2008",0,"https://www.upc.edu/en","upc.edu",NULL,"08034","https://api.elsevier.com/content/search/scopus?query=af-id%28103418352%29","Department of Telematics Engineering","Barcelona","nationalP"
57194041612,"Ulehlova E.","Ulehlova","Eva","F",121438407,10,10,9,4,2,3,3,"2017-2018",2,NULL,"Universidad Tecnica Particular de Loja",NULL,NULL,1,"Loja","China","13/10/2018",1,NULL,NULL,NULL,NULL,"https://api.elsevier.com/content/search/scopus?query=af-id%28121438407%29","Tecnica Particular de Loja, Universidad",NULL,"nationalP"
57194072513,"Villarreal-Narvaez S.","Villarreal-Narvaez","Santiago","M",60000874,27,19,29,13,3,3,13,"2017-2019",3,"1, Place de l'Université","Université Catholique de Louvain",119034671,"Louvain Research Institute in Management and Organizations",0,"Louvain-la-Neuve","Belgium","10/8/2017",0,"https://uclouvain.be/en/index.html","uclouvain.be",NULL,1348,"https://api.elsevier.com/content/search/scopus?query=af-id%28119034671%29","Louvain Research Institute in Management and Organizations","WBR","nationalP"
57195428129,"Palacios P.","Palacios","Pablo","M",60012464,6,5,10,6,2,3,6,"2017-2019",2,"Avenida Libertador Bernardo O'Higgins 1058","Universidad de Chile",NULL,NULL,16429,"Santiago","Chile","2/2/2008",50128,"http://www.uchile.cl/english","uchile.cl","univ",8320000,"https://api.elsevier.com/content/search/scopus?query=af-id%2860012464%29","Chile, Universidad de","RM","nationalP"
57200420799,"Vela E.","Vela","Edgar M.","M",60101870,5,4,11,6,3,3,5,"2017-2019",1,"Le Gerre","Scuola Universitaria Professionale della Svizzera Italiana",NULL,NULL,374,"Manno","Switzerland","21/7/2009",1075,"http://www.supsi.ch/",NULL,"univ",6928,"https://api.elsevier.com/content/search/scopus?query=af-id%2860101870%29","Applied Sciences and Arts of Southern Switzerland, University of","Lugano","nationalP"
56709577300,"Rosero R.","Rosero","Raúl H.","M",60071231,19,18,9,4,4,4,4,"2015-2017",3,"Calle Germán Amézaga N° 375 - Edificio Jorge Basadre, Ciudad Universitaria","Universidad Nacional Mayor de San Marcos",NULL,NULL,2937,"Lima","Peru","3/2/2008",4595,"http://www.unmsm.edu.pe/","unmsm.edu.pe","univ",15081,"https://api.elsevier.com/content/search/scopus?query=af-id%2860071231%29","Nacional Mayor de San Marcos, Universidad","Lima","nationalP"
56925486000,"Barredo Ibáñez D.","Barredo Ibáñez","Daniel","M",60065589,17,14,29,23,3,4,6,"2013-2019",2,"Calle 12C Nº 6-25","Universidad del Rosario",NULL,NULL,1545,"Bogota","Colombia","2/2/2008",3344,"http://www.urosario.edu.co","urosario.edu.co","univ",NULL,"https://api.elsevier.com/content/search/scopus?query=af-id%2860065589%29","Rosario, Universidad del",NULL,"nationalP"
57030672500,"Vaccaro G.","Vaccaro","Gustavo F.","M",60003662,17,12,14,12,4,4,5,"2014-2019",2,"Avenida Cervantes 2","Universidad de Malaga",NULL,NULL,6598,"Malaga","Spain","2/2/2008",26659,"http://www.uma.es/","uma.es","univ",29071,"https://api.elsevier.com/content/search/scopus?query=af-id%2860003662%29","Malaga, Universidad de","Malaga","nationalP"
57188760691,"Ortiz-Rojas M.","Ortiz-Rojas","Margarita","F",60033316,21,19,5,5,4,4,6,"2015-2019",3,"Campus Ufo, Rectorate, Sint-Pietersnieuwstraat 25","Universiteit Gent",104692984,"Department of Educational Studies",0,"Ghent","Belgium","2/2/2008",0,"https://www.ugent.be/en","ugent.be",NULL,9000,"https://api.elsevier.com/content/search/scopus?query=af-id%28104692984%29","Department of Educational Studies","VOV","nationalP"
57189659787,"Garzón E.","Garzón","Esteban","M",60020261,4,4,20,7,4,4,8,"2016-2019",1,"Arcavacata di Rende","Università della Calabria",NULL,NULL,3719,"Cosenza","Italy","2/2/2008",28267,"http://www.unical.it","unical.it","univ",87036,"https://api.elsevier.com/content/search/scopus?query=af-id%2860020261%29","Calabria, University of","CS","nationalP"
57191481718,"Recalde A.","Recalde","Angel Andres","M",60015138,1,1,21,9,4,4,4,"2014-2019",1,"University Park","University of Nottingham",NULL,NULL,21905,"Nottingham","United Kingdom","2/2/2008",122968,"http://www.nottingham.ac.uk/","nottingham.ac.uk","univ","NG7 2RD","https://api.elsevier.com/content/search/scopus?query=af-id%2860015138%29","Nottingham, University of","Nottinghamshire","nationalP"
57193432949,"Pincay J.","Pincay","Jhonny","M",60024631,10,10,12,6,4,4,5,"2017-2019",2,"Avenue de l'Europe 20","University of Fribourg",120317692,"Human-IST Institute",0,"Fribourg","Switzerland","10/3/2018",0,"http://www.unifr.ch/","unifr.ch",NULL,1700,"https://api.elsevier.com/content/search/scopus?query=af-id%28120317692%29","Human-IST Institute","FR","nationalP"
57194442669,"Penafiel-Ojeda C.","Penafiel-Ojeda","Carlos Ramiro","M",60011476,8,8,7,7,4,4,6,"2017-2019",2,"Camino de Vera","Universitat Politècnica de València",114332099,"Instituto de Telecomunicaciones y Aplicaciones Multimedia (ITEAM)",0,"Valencia","Spain","25/4/2014",0,"https://www.upv.es/","upv.es",NULL,46022,"https://api.elsevier.com/content/search/scopus?query=af-id%28114332099%29","Instituto de Telecomunicaciones y Aplicaciones Multimedia (ITEAM)","Valencia","nationalP"
57195982935,"Espinoza F.","Espinoza","Felipe Torres","M",60007087,8,5,3,4,3,4,4,"2017-2018",2,"Avenida España 1680","Universidad Técnica Federico Santa María",NULL,NULL,1802,"Valparaíso","Chile","2/2/2008",7418,"http://www.utfsm.cl/","utfsm.cl","univ","110-V","https://api.elsevier.com/content/search/scopus?query=af-id%2860007087%29","Técnica Federico Santa María, Universidad",NULL,"nationalP"
57118079200,"Carabalí C.","Carabalí","Carmen Alicia C.","F",112857177,3,3,15,5,5,5,5,"2015-2018",1,"384-388 Albert Street","Bionics Institute",122043871,"Escuela Politécnica Nacional",0,"Melbourne","Australia","1/2/2019",0,NULL,NULL,NULL,3002,"https://api.elsevier.com/content/search/scopus?query=af-id%28122043871%29","Escuela Politécnica Nacional","vic","nationalP"
35612106100,"Medina J.","Medina","Josep","M",60009455,420,393,90,30,7,6,6,"2005-2018",12,"Avenida de la Complutense","Escuela Tecnica Superior de Ingenieros de Telecomunicacion, Madrid",NULL,NULL,1349,"Madrid","Spain","3/2/2008",3522,"http://www.etsit.upm.es/","etsit.upm.es","univ",28040,"https://api.elsevier.com/content/search/scopus?query=af-id%2860009455%29","Escuela Tecnica Superior de Ingenieros de Telecomunicacion, Madrid","Madrid","nationalP"
56912348700,"Estrada-Jiménez J.","Estrada-Jiménez","José","M",60007592,38,38,12,9,6,6,10,"2015-2020",3,"C. Jordi Girona, 31","Universitat Politècnica de Catalunya",103418352,"Department of Telematics Engineering",0,"Barcelona","Spain","2/2/2008",0,"https://www.upc.edu/en","upc.edu",NULL,"08034","https://api.elsevier.com/content/search/scopus?query=af-id%28103418352%29","Department of Telematics Engineering","Barcelona","nationalP"
57194073594,"Deters J.","Deters","Jan Kleine","M",60020599,47,26,11,7,6,6,6,"2017-2018",4,"Drienerlolaan 5","University of Twente",104046153,"Human Media Interaction Group",0,"Enschede","Netherlands","2/2/2008",0,"http://www.utwente.nl/","utwente.nl",NULL,"7522 NB","https://api.elsevier.com/content/search/scopus?query=af-id%28104046153%29","Human Media Interaction Group",NULL,"nationalP"
57196152677,"Botto-Tobar M.","Botto-Tobar","Miguel","M",60032882,6,5,58,27,5,6,26,"2014-2020",2,"P.O. 513","Technische Universiteit Eindhoven",113720248,"Department of Mathematics and Computer Science",0,"Eindhoven","Netherlands","17/7/2013",0,"http://www.tue.nl/en/","w3.tue.nl",NULL,5600,"https://api.elsevier.com/content/search/scopus?query=af-id%28113720248%29","Department of Mathematics and Computer Science",NULL,"nationalP"
55976123500,"Luzardo G.","Luzardo","Gonzalo","M",60033316,54,50,13,7,6,7,7,"2013-2018",3,"Campus Ufo, Rectorate, Sint-Pietersnieuwstraat 25","Universiteit Gent",NULL,NULL,21229,"Ghent","Belgium","2/2/2008",128462,"https://www.ugent.be/en","ugent.be","univ",9000,"https://api.elsevier.com/content/search/scopus?query=af-id%2860033316%29","Ghent University","VOV","nationalP"
57193059185,"Icaza D.","Icaza","Daniel","M",60020657,18,12,39,17,7,7,14,"2016-2020",3,"Campus de Vegazana S/N","Universidad de León",NULL,NULL,2821,"Leon","Spain","2/2/2008",10565,"http://internacional.unileon.es/en","internacional.unileon.es","univ",24071,"https://api.elsevier.com/content/search/scopus?query=af-id%2860020657%29","León, Universidad de","Castile-Leon","nationalP"
56406557900,"Loor M.","Loor","Marcelo","M",60033316,23,9,2,9,8,8,9,"2014-2019",4,"Campus Ufo, Rectorate, Sint-Pietersnieuwstraat 25","Universiteit Gent",104692575,"Department of Telecommunications and Information Processing",0,"Ghent","Belgium","2/2/2008",0,"https://www.ugent.be/en","ugent.be",NULL,9000,"https://api.elsevier.com/content/search/scopus?query=af-id%28104692575%29","Department of Telecommunications and Information Processing","VOV","nationalP"
57192101183,"Sinche S.","Sinche","Soraya","F",60106440,14,14,21,12,8,8,10,"2016-2019",2,"DEI, Polo 2, Pinhal de Marrocos","University of Coimbra, Centre for Informatics and System",NULL,NULL,383,"Coimbra","Portugal","17/5/2016",2046,"https://www.cisuc.uc.pt/","cisuc.uc.pt","resi","3030-290","https://api.elsevier.com/content/search/scopus?query=af-id%2860106440%29","Coimbra, Centre for Informatics and System, University of",NULL,"nationalP"
57192270178,"Peña-Unigarro D.","Peña-Unigarro","Diego Fernando","M",60054919,25,13,21,8,8,8,8,"2016-2018",4,"Calle 18 Cra 50","Universidad de Nariño",NULL,NULL,504,"Pasto","Colombia","2/2/2008",655,"http://www.udenar.edu.co/","udenar.edu.co","univ",NULL,"https://api.elsevier.com/content/search/scopus?query=af-id%2860054919%29","Nariño, Universidad de","Narino","nationalP"
57192689183,"Salvador-Ullauri L.","Salvador-Ullauri","Luis","M",60010844,47,36,22,19,8,8,19,"2016-2020",4,"Carretera San Vicente del Raspeig","Universitat d'Alacant",NULL,NULL,4799,"Alicante","Spain","3/2/2008",24953,"http://www.ua.es/en/index.html","ua.es","univ",3690,"https://api.elsevier.com/content/search/scopus?query=af-id%2860010844%29","d'Alicante, Universitat","Alicante","nationalP"
56535317400,"Muñoz-Arcentales A.","Muñoz-Arcentales","Andres","M",60009455,30,13,12,12,8,9,11,"2014-2019",3,"Avenida de la Complutense","Escuela Tecnica Superior de Ingenieros de Telecomunicacion, Madrid",NULL,NULL,1349,"Madrid","Spain","3/2/2008",3522,"http://www.etsit.upm.es/","etsit.upm.es","univ",28040,"https://api.elsevier.com/content/search/scopus?query=af-id%2860009455%29","Escuela Tecnica Superior de Ingenieros de Telecomunicacion, Madrid","Madrid","nationalP"
56704835200,"Zurita G.","Zurita","Grover","M",60107596,747,534,15,16,9,9,11,"2015-2019",13,NULL,"Universidad Privada Boliviana",NULL,NULL,54,"La Paz","Bolivia","6/1/2017",85,"http://www.upb.edu/",NULL,"univ",NULL,"https://api.elsevier.com/content/search/scopus?query=af-id%2860107596%29","Privada Boliviana, Universidad",NULL,"nationalP"
56639282200,"Lavín J.","Lavín","José M.","M",120168102,25,24,44,17,10,11,14,"2013-2019",3,"Calle Jose Siman Cabarga, 6","Centro Universitario CESINE",NULL,NULL,2,"Santander","Spain","9/2/2018",3,NULL,NULL,NULL,39005,"https://api.elsevier.com/content/search/scopus?query=af-id%28120168102%29","Centro Universitario CESINE","Cantabria","nationalP"
57031859800,"Chicaiza F.","Chicaiza","Fernando A.","M",60017292,70,53,49,19,13,13,16,"2015-2020",5,"Avenue 25 de Mayo 1921","Universidad Nacional de San Juan",NULL,NULL,991,"San Juan","Argentina","2/2/2008",2449,"http://www.unsj.edu.ar","unsj.edu.ar","univ",5400,"https://api.elsevier.com/content/search/scopus?query=af-id%2860017292%29","National University of San Juan","San Juan","nationalP"
57203744720,"Velásquez W.","Velásquez","Washington","M",60028442,39,17,24,18,15,16,16,"2016-2019",4,"Avda. Ramiro de Maeztu, 7","Universidad Politécnica de Madrid",NULL,NULL,8447,"Madrid","Spain","2/2/2008",27660,"http://www.upm.es/internacional","upm.es","univ",28040,"https://api.elsevier.com/content/search/scopus?query=af-id%2860028442%29","Technical University of Madrid","Madrid","nationalP"
15050959300,"Ochoa X.","Ochoa","Xavier","M",60021784,931,801,116,76,61,62,70,"2003-2020",13,"70 Washington Square South","New York University",NULL,NULL,17882,"New York","United States","2/2/2008",86366,"https://www.nyu.edu/","nyu.edu","univ","10012-1019","https://api.elsevier.com/content/search/scopus?query=af-id%2860021784%29","New York University","NY","nationalP"
